average_score,average_comments
184.33333333333334,95.66666666666667
